{"base_files_url": "https://raw.githubusercontent.com/tron303/db/8f88e8f68007bb91f84007a6051aad8c38c1f19c/", "db_files": ["db.json.zip"], "db_id": "tron303/db", "db_url": "https://raw.githubusercontent.com/tron303/db/db/db.json.zip", "default_options": {}, "files": {"_Games/_SNK Neo Geo MVS & AES/.DS_Store": {"hash": "22affe40cd2041d98f9d310dc4316c6f", "size": 10244, "tags": [19, 20, 21]}, "_Games/_SNK Neo Geo MVS & AES/Monitor - TestROM.mgl": {"hash": "c931e9ede2c13024933b2d6589796102", "size": 179, "tags": [19, 20, 21]}, "_Games/_SNK Neo Geo MVS & AES/README.md": {"hash": "2791b9b6e10f304f1c9290f7498432e2", "size": 460, "tags": [19, 20, 37, 38]}, "_Games/_SNK Neo Geo MVS & AES/V-Liner.mgl": {"hash": "75ae732a083c73ec22f7b33b13eca7dc", "size": 178, "tags": [19, 20, 21]}, "_Games/_SNK Neo Geo MVS & AES/_Beat em Up/Burning Fight (NGH-018, US).mgl": {"hash": "89c167b29d8244db8738cd5bfdd4c3ce", "size": 181, "tags": [19, 20, 21, 22]}, "_Games/_SNK Neo Geo MVS & AES/_Beat em Up/Burning Fight (prototype, near final, ver 23.3, 910326).mgl": {"hash": "79a38ad1afdd210e6f16b462982b4139", "size": 182, "tags": [19, 20, 21, 22]}, "_Games/_SNK Neo Geo MVS & AES/_Beat em Up/Burning Fight (prototype, older).mgl": {"hash": "047f34d451862b82c0c4c069f69b2e46", "size": 181, "tags": [19, 20, 21, 22]}, "_Games/_SNK Neo Geo MVS & AES/_Beat em Up/Burning Fight.mgl": {"hash": "8ed37e51b4acedacd138c64c10a2590e", "size": 180, "tags": [19, 20, 21, 22]}, "_Games/_SNK Neo Geo MVS & AES/_Beat em Up/Eight Man.mgl": {"hash": "4d46436accc9c0d4acbb0861e0d610b5", "size": 180, "tags": [19, 20, 21, 22]}, "_Games/_SNK Neo Geo MVS & AES/_Beat em Up/Legend of Success Joe.mgl": {"hash": "143f4f50ca9811c5d573c02925b08949", "size": 180, "tags": [19, 20, 21, 22]}, "_Games/_SNK Neo Geo MVS & AES/_Beat em Up/Mutation Nation.mgl": {"hash": "652ddfdce60dae3df609033f234f571f", "size": 178, "tags": [19, 20, 21, 22]}, "_Games/_SNK Neo Geo MVS & AES/_Beat em Up/Ninja Combat (NGH-009).mgl": {"hash": "416e93061489d481b1e153a2f0dc4aee", "size": 180, "tags": [19, 20, 21, 22]}, "_Games/_SNK Neo Geo MVS & AES/_Beat em Up/Ninja Combat.mgl": {"hash": "9b2bd8c7e0af2eb659d256aa97d2e260", "size": 179, "tags": [19, 20, 21, 22]}, "_Games/_SNK Neo Geo MVS & AES/_Beat em Up/Robo Army (NGM-032 ~ NGH-032).mgl": {"hash": "d52e0225f1a5c87bfbc28038a7bff91b", "size": 180, "tags": [19, 20, 21, 22]}, "_Games/_SNK Neo Geo MVS & AES/_Beat em Up/Robo Army.mgl": {"hash": "590803ad311d6fd4350da87e0831d7c4", "size": 180, "tags": [19, 20, 21, 22]}, "_Games/_SNK Neo Geo MVS & AES/_Beat em Up/Sengoku (NGH-017, US).mgl": {"hash": "e1381a260a91cf79dc56648a4d0ffc74", "size": 180, "tags": [19, 20, 21, 22]}, "_Games/_SNK Neo Geo MVS & AES/_Beat em Up/Sengoku 2.mgl": {"hash": "e3f94b8758e8c2ff73e7239eddd91633", "size": 180, "tags": [19, 20, 21, 22]}, "_Games/_SNK Neo Geo MVS & AES/_Beat em Up/Sengoku 3.mgl": {"hash": "8ffdd3a1ece0f7bc85ce9473823ac176", "size": 180, "tags": [19, 20, 21, 22]}, "_Games/_SNK Neo Geo MVS & AES/_Beat em Up/Sengoku.mgl": {"hash": "10fa03194a6cfc77e2c596ebeac6521f", "size": 179, "tags": [19, 20, 21, 22]}, "_Games/_SNK Neo Geo MVS & AES/_Fighting/.DS_Store": {"hash": "75f6790af11dec060abcd3174fd48bff", "size": 6148, "tags": [19, 20, 21, 23]}, "_Games/_SNK Neo Geo MVS & AES/_Fighting/Aggressors of Dark Kombat.mgl": {"hash": "6a0d597bdcf8c116c1a4f52df8eccec5", "size": 176, "tags": [19, 20, 21, 23]}, "_Games/_SNK Neo Geo MVS & AES/_Fighting/Art of Fighting 2 (NGH-056).mgl": {"hash": "ee80b0f01fdd01600298786e08f6e45e", "size": 177, "tags": [19, 20, 21, 23]}, "_Games/_SNK Neo Geo MVS & AES/_Fighting/Art of Fighting 2.mgl": {"hash": "b5d1038071e1f9766141bdecba406c9c", "size": 176, "tags": [19, 20, 21, 23]}, "_Games/_SNK Neo Geo MVS & AES/_Fighting/Art of Fighting 3 - The Path of the Warrior.mgl": {"hash": "9e1f9a4f57a0dacb68e5a3d08f23791e", "size": 176, "tags": [19, 20, 21, 23]}, "_Games/_SNK Neo Geo MVS & AES/_Fighting/Art of Fighting.mgl": {"hash": "723324e9c2626832dc21346d561b5700", "size": 175, "tags": [19, 20, 21, 23]}, "_Games/_SNK Neo Geo MVS & AES/_Fighting/Breakers Revenge.mgl": {"hash": "21d797bf6fdb8d7ea463bd86cb3c0191", "size": 180, "tags": [19, 20, 21, 23]}, "_Games/_SNK Neo Geo MVS & AES/_Fighting/Breakers.mgl": {"hash": "f50d1289892d43d14517ce018d4b9719", "size": 180, "tags": [19, 20, 21, 23]}, "_Games/_SNK Neo Geo MVS & AES/_Fighting/Crouching Tiger Hidden Dragon 2003 Super Plus (The King of Fighters 2001 bootleg).mgl": {"hash": "b8a89535bb3263e4db3821622ee6f097", "size": 179, "tags": [19, 20, 21, 23]}, "_Games/_SNK Neo Geo MVS & AES/_Fighting/Double Dragon.mgl": {"hash": "415503458fdb862e24eef0ae870a0001", "size": 180, "tags": [19, 20, 21, 23]}, "_Games/_SNK Neo Geo MVS & AES/_Fighting/Dragon's Heaven.mgl": {"hash": "bb7004d74f302178f5c09556bfaf6048", "size": 180, "tags": [19, 20, 21, 23]}, "_Games/_SNK Neo Geo MVS & AES/_Fighting/Far East of Eden - Kabuki Klash.mgl": {"hash": "84bccfcf25cd05e80f9515a8de6785c4", "size": 180, "tags": [19, 20, 21, 23]}, "_Games/_SNK Neo Geo MVS & AES/_Fighting/Fatal Fury - King of Fighters.mgl": {"hash": "5cb063d03c861416bffec0f9ca4be1af", "size": 180, "tags": [19, 20, 21, 23]}, "_Games/_SNK Neo Geo MVS & AES/_Fighting/Fatal Fury 2.mgl": {"hash": "c513a1740633c84a751a100131d4d3ca", "size": 180, "tags": [19, 20, 21, 23]}, "_Games/_SNK Neo Geo MVS & AES/_Fighting/Fatal Fury 3 - Road to the Final Victory.mgl": {"hash": "06c38a14a1550e226627f167a0121224", "size": 180, "tags": [19, 20, 21, 23]}, "_Games/_SNK Neo Geo MVS & AES/_Fighting/Fatal Fury Special (NGM-058 ~ NGH-058, set 2).mgl": {"hash": "7a95f448cc309b76e05dface956bbdbd", "size": 181, "tags": [19, 20, 21, 23]}, "_Games/_SNK Neo Geo MVS & AES/_Fighting/Fatal Fury Special.mgl": {"hash": "f980daafe9f2fabcaf4873362e027687", "size": 180, "tags": [19, 20, 21, 23]}, "_Games/_SNK Neo Geo MVS & AES/_Fighting/Fight Fever (set 2).mgl": {"hash": "72874d9e91f4ca8259dd4fb4670a3a39", "size": 181, "tags": [19, 20, 21, 23]}, "_Games/_SNK Neo Geo MVS & AES/_Fighting/Fight Fever.mgl": {"hash": "763c1dbad728f69fe8d559f0ef78aa9f", "size": 180, "tags": [19, 20, 21, 23]}, "_Games/_SNK Neo Geo MVS & AES/_Fighting/Fighters Swords (Korean release of Samurai Shodown III).mgl": {"hash": "020e34a9238d28a5dd68b9d7a3a31ef0", "size": 179, "tags": [19, 20, 21, 23]}, "_Games/_SNK Neo Geo MVS & AES/_Fighting/Galaxy Fight - Universal Warriors.mgl": {"hash": "f1cb589ef96c236c68236279ec754c7a", "size": 180, "tags": [19, 20, 21, 23]}, "_Games/_SNK Neo Geo MVS & AES/_Fighting/Garou - Mark of the Wolves (bootleg).mgl": {"hash": "e7dd32cea5b2f5dad82beec4b195c4b3", "size": 179, "tags": [19, 20, 21, 23]}, "_Games/_SNK Neo Geo MVS & AES/_Fighting/Garou - Mark of the Wolves (earlier release).mgl": {"hash": "912419272a630ae9ee600be406c7980b", "size": 178, "tags": [19, 20, 21, 23]}, "_Games/_SNK Neo Geo MVS & AES/_Fighting/Garou - Mark of the Wolves (prototype).mgl": {"hash": "6a6787944a1385b34e7ebbbeea89357f", "size": 178, "tags": [19, 20, 21, 23]}, "_Games/_SNK Neo Geo MVS & AES/_Fighting/Garou - Mark of the Wolves.mgl": {"hash": "64ce0cc7850c9ab0d54307a857ba9ae4", "size": 177, "tags": [19, 20, 21, 23]}, "_Games/_SNK Neo Geo MVS & AES/_Fighting/Karnov's Revenge.mgl": {"hash": "3536149d357621ce1c178abd62cc9652", "size": 179, "tags": [19, 20, 21, 23]}, "_Games/_SNK Neo Geo MVS & AES/_Fighting/King of Fighters '94, The.mgl": {"hash": "26620efb0384c4985d0d4359816e275d", "size": 177, "tags": [19, 20, 21, 23]}, "_Games/_SNK Neo Geo MVS & AES/_Fighting/King of Fighters '95, The (NGH-084).mgl": {"hash": "a5ea96a4c4803976849d975dbb6d05ef", "size": 178, "tags": [19, 20, 21, 23]}, "_Games/_SNK Neo Geo MVS & AES/_Fighting/King of Fighters '95, The (NGM-084, alt board).mgl": {"hash": "4411e28fb85836e27c9d9ccfa66a37b3", "size": 178, "tags": [19, 20, 21, 23]}, "_Games/_SNK Neo Geo MVS & AES/_Fighting/King of Fighters '95, The.mgl": {"hash": "4508ea082c50952c625e9740a7e57245", "size": 177, "tags": [19, 20, 21, 23]}, "_Games/_SNK Neo Geo MVS & AES/_Fighting/King of Fighters '96, The (NGH-214).mgl": {"hash": "3cbcfe9a09ba6fbef9f5be1df9b7fb07", "size": 178, "tags": [19, 20, 21, 23]}, "_Games/_SNK Neo Geo MVS & AES/_Fighting/King of Fighters '96, The.mgl": {"hash": "5884a2f3a6b8fe628912755a79c9fb78", "size": 177, "tags": [19, 20, 21, 23]}, "_Games/_SNK Neo Geo MVS & AES/_Fighting/King of Fighters '97 Chongchu Jianghu Plus 2003, The (bootleg).mgl": {"hash": "07087b4b8d2a8b98104c0e3a27ecb872", "size": 180, "tags": [19, 20, 21, 23]}, "_Games/_SNK Neo Geo MVS & AES/_Fighting/King of Fighters '97 Plus, The (bootleg).mgl": {"hash": "5cfdb1fc1e3104ec4a6cece9df355235", "size": 180, "tags": [19, 20, 21, 23]}, "_Games/_SNK Neo Geo MVS & AES/_Fighting/King of Fighters '97, The (Korean release).mgl": {"hash": "3d98fe6d9c93e4c9993661ad62e59e12", "size": 178, "tags": [19, 20, 21, 23]}, "_Games/_SNK Neo Geo MVS & AES/_Fighting/King of Fighters '97, The (NGH-2320).mgl": {"hash": "029036e519d964f95c7eac3b823f3f1a", "size": 178, "tags": [19, 20, 21, 23]}, "_Games/_SNK Neo Geo MVS & AES/_Fighting/King of Fighters '97, The.mgl": {"hash": "ea3bdf1a6514920359fd0a011cfe0e84", "size": 177, "tags": [19, 20, 21, 23]}, "_Games/_SNK Neo Geo MVS & AES/_Fighting/King of Fighters '98, The - The Slugfest (Korean release).mgl": {"hash": "29d8bf70d6c67d5add3279bb1ae38e65", "size": 178, "tags": [19, 20, 21, 23]}, "_Games/_SNK Neo Geo MVS & AES/_Fighting/King of Fighters '98, The - The Slugfest (NGH-2420).mgl": {"hash": "d5143ec9d626fafcb62139edd2a73b63", "size": 178, "tags": [19, 20, 21, 23]}, "_Games/_SNK Neo Geo MVS & AES/_Fighting/King of Fighters '98, The - The Slugfest (NGM-2420, alt board).mgl": {"hash": "19a785a706f4d05273ca305bd85e0db7", "size": 178, "tags": [19, 20, 21, 23]}, "_Games/_SNK Neo Geo MVS & AES/_Fighting/King of Fighters '98, The - The Slugfest.mgl": {"hash": "4b0848d20067978393fb0e66e32769a5", "size": 177, "tags": [19, 20, 21, 23]}, "_Games/_SNK Neo Geo MVS & AES/_Fighting/King of Fighters '99, The - Millennium Battle (earlier release).mgl": {"hash": "1109f7e37875a3ef05b93902c5ad01bc", "size": 178, "tags": [19, 20, 21, 23]}, "_Games/_SNK Neo Geo MVS & AES/_Fighting/King of Fighters '99, The - Millennium Battle (prototype).mgl": {"hash": "ad320fb764bc6fc17d036c1f7a44189b", "size": 178, "tags": [19, 20, 21, 23]}, "_Games/_SNK Neo Geo MVS & AES/_Fighting/King of Fighters '99, The - Millennium Battle.mgl": {"hash": "7c55b164896b8ddbaee826d4e3f8c334", "size": 177, "tags": [19, 20, 21, 23]}, "_Games/_SNK Neo Geo MVS & AES/_Fighting/King of Fighters 10th Anniversary Extra Plus, The (The King of Fighters 2002 bootleg).mgl": {"hash": "ed864e5f0fe274d800596b76a480d6d9", "size": 180, "tags": [19, 20, 21, 23]}, "_Games/_SNK Neo Geo MVS & AES/_Fighting/King of Fighters 2000, The.mgl": {"hash": "0b97051ced912395b468c07521f53850", "size": 179, "tags": [19, 20, 21, 23]}, "_Games/_SNK Neo Geo MVS & AES/_Fighting/King of Fighters 2001, The (NGH-2621).mgl": {"hash": "1b37432984e73c6ed4186702a6461ed8", "size": 180, "tags": [19, 20, 21, 23]}, "_Games/_SNK Neo Geo MVS & AES/_Fighting/King of Fighters 2001, The.mgl": {"hash": "986c3f761c05b60c18252d33fb00d52e", "size": 179, "tags": [19, 20, 21, 23]}, "_Games/_SNK Neo Geo MVS & AES/_Fighting/King of Fighters 2002 Magic Plus II, The (bootleg).mgl": {"hash": "230fca2f432f2196d48835fd8b6a4ea4", "size": 180, "tags": [19, 20, 21, 23]}, "_Games/_SNK Neo Geo MVS & AES/_Fighting/King of Fighters 2002 Magic Plus, The (bootleg).mgl": {"hash": "5f2ed0f9fc4242cef8964f6828087e45", "size": 179, "tags": [19, 20, 21, 23]}, "_Games/_SNK Neo Geo MVS & AES/_Fighting/King of Fighters 2002, The.mgl": {"hash": "0b783a9872c46ef5d9ce07479104251a", "size": 179, "tags": [19, 20, 21, 23]}, "_Games/_SNK Neo Geo MVS & AES/_Fighting/King of Fighters 2003, The.mgl": {"hash": "af3f3fa9d2b36ee9d4b546d44a434918", "size": 179, "tags": [19, 20, 21, 23]}, "_Games/_SNK Neo Geo MVS & AES/_Fighting/King of Fighters Special Edition 2004, The (The King of Fighters 2002 bootleg).mgl": {"hash": "da3a4dbc94fb709f4e25bd6ca905d9e4", "size": 180, "tags": [19, 20, 21, 23]}, "_Games/_SNK Neo Geo MVS & AES/_Fighting/King of Gladiators (The King of Fighters '97 bootleg).mgl": {"hash": "8d4565419ff82463d6b37f0858fb72e4", "size": 175, "tags": [19, 20, 21, 23]}, "_Games/_SNK Neo Geo MVS & AES/_Fighting/Kizuna Encounter - Super Tag Battle.mgl": {"hash": "00a43a9570e37bdc126e7a51de10a2b2", "size": 178, "tags": [19, 20, 21, 23]}, "_Games/_SNK Neo Geo MVS & AES/_Fighting/Last Blade 2, The.mgl": {"hash": "0f8a887de6d231c20cbbae8f86aa20d3", "size": 180, "tags": [19, 20, 21, 23]}, "_Games/_SNK Neo Geo MVS & AES/_Fighting/Last Blade, The (NGH-2340).mgl": {"hash": "c6df620b7b7aaed2b5334864614694e9", "size": 181, "tags": [19, 20, 21, 23]}, "_Games/_SNK Neo Geo MVS & AES/_Fighting/Last Blade, The.mgl": {"hash": "55c80dfdfa0bbb0103ef7ddb49e5ca54", "size": 180, "tags": [19, 20, 21, 23]}, "_Games/_SNK Neo Geo MVS & AES/_Fighting/Last Soldier, The.mgl": {"hash": "3cb54e0cb77d9394628f0dd8ae47c23b", "size": 180, "tags": [19, 20, 21, 23]}, "_Games/_SNK Neo Geo MVS & AES/_Fighting/Neo Fight.mgl": {"hash": "434279c0e068c6dff9c396e8c2fd3f91", "size": 180, "tags": [19, 20, 21, 23]}, "_Games/_SNK Neo Geo MVS & AES/_Fighting/Ninja Master's.mgl": {"hash": "1c571464daedaba58f9234cdcf468074", "size": 180, "tags": [19, 20, 21, 23]}, "_Games/_SNK Neo Geo MVS & AES/_Fighting/Pae Wang Jeon Seol - Legend of a Warrior.mgl": {"hash": "bf80969c868441ff8788d5cfeec17a25", "size": 180, "tags": [19, 20, 21, 23]}, "_Games/_SNK Neo Geo MVS & AES/_Fighting/Power Instinct Matrimelee.mgl": {"hash": "bc4cf14471684fbc8975022beff5f5df", "size": 178, "tags": [19, 20, 21, 23]}, "_Games/_SNK Neo Geo MVS & AES/_Fighting/Rage of the Dragons.mgl": {"hash": "6c4bc3110b8abe2514afb6bb8ee93876", "size": 176, "tags": [19, 20, 21, 23]}, "_Games/_SNK Neo Geo MVS & AES/_Fighting/Ragnagard.mgl": {"hash": "f9057291ff797031af34a766c2231ade", "size": 180, "tags": [19, 20, 21, 23]}, "_Games/_SNK Neo Geo MVS & AES/_Fighting/Real Bout Fatal Fury (bug fix revision).mgl": {"hash": "3c87d48aed27efdd8735142dd30b432e", "size": 178, "tags": [19, 20, 21, 23]}, "_Games/_SNK Neo Geo MVS & AES/_Fighting/Real Bout Fatal Fury 2 - The Newcomers (Korean release).mgl": {"hash": "4949dfa8410a9f02cfd3aaad3dea4620", "size": 178, "tags": [19, 20, 21, 23]}, "_Games/_SNK Neo Geo MVS & AES/_Fighting/Real Bout Fatal Fury 2 - The Newcomers (NGH-2400).mgl": {"hash": "6d4b9a03c806d2c703d5729b0f4d2deb", "size": 178, "tags": [19, 20, 21, 23]}, "_Games/_SNK Neo Geo MVS & AES/_Fighting/Real Bout Fatal Fury 2 - The Newcomers.mgl": {"hash": "82347d5bd1675ca4fe4038299a8f8b85", "size": 177, "tags": [19, 20, 21, 23]}, "_Games/_SNK Neo Geo MVS & AES/_Fighting/Real Bout Fatal Fury Special (Korean release).mgl": {"hash": "965fdedad0100801cc77a923558dbc97", "size": 181, "tags": [19, 20, 21, 23]}, "_Games/_SNK Neo Geo MVS & AES/_Fighting/Real Bout Fatal Fury Special.mgl": {"hash": "aa8ce3ee770797d0085f9ea7abaf2831", "size": 180, "tags": [19, 20, 21, 23]}, "_Games/_SNK Neo Geo MVS & AES/_Fighting/Real Bout Fatal Fury.mgl": {"hash": "83b11d9bfd64bdacd842dbed06249b2b", "size": 177, "tags": [19, 20, 21, 23]}, "_Games/_SNK Neo Geo MVS & AES/_Fighting/SNK vs. Capcom - SVC Chaos.mgl": {"hash": "34f8abf8002ba918fdf62fd090008ad4", "size": 175, "tags": [19, 20, 21, 23]}, "_Games/_SNK Neo Geo MVS & AES/_Fighting/SNK vs. Capcom Plus (bootleg).mgl": {"hash": "ee50d38f57549e9899a3a1b15fcae2f2", "size": 179, "tags": [19, 20, 21, 23]}, "_Games/_SNK Neo Geo MVS & AES/_Fighting/Samurai Shodown (NGH-045).mgl": {"hash": "5b847f1b3ec267d28f592efec290441c", "size": 179, "tags": [19, 20, 21, 23]}, "_Games/_SNK Neo Geo MVS & AES/_Fighting/Samurai Shodown II.mgl": {"hash": "aa0dbce700d3f385e33fd44fd9bfb2b8", "size": 179, "tags": [19, 20, 21, 23]}, "_Games/_SNK Neo Geo MVS & AES/_Fighting/Samurai Shodown III (NGH-087).mgl": {"hash": "f309c515e36b95c5cf4238090b7423f9", "size": 180, "tags": [19, 20, 21, 23]}, "_Games/_SNK Neo Geo MVS & AES/_Fighting/Samurai Shodown III.mgl": {"hash": "a93ba77fc6605f4e205adda1548cc07e", "size": 179, "tags": [19, 20, 21, 23]}, "_Games/_SNK Neo Geo MVS & AES/_Fighting/Samurai Shodown IV - Amakusa's Revenge.mgl": {"hash": "9b4b77f5fa653b7b3797d1ee60645edf", "size": 179, "tags": [19, 20, 21, 23]}, "_Games/_SNK Neo Geo MVS & AES/_Fighting/Samurai Shodown V (NGH-2700).mgl": {"hash": "27dde9c5fe91f568027b37abe26ada7a", "size": 180, "tags": [19, 20, 21, 23]}, "_Games/_SNK Neo Geo MVS & AES/_Fighting/Samurai Shodown V (XBOX version hack).mgl": {"hash": "ae3b0434ce8388eec42de01250f1ec91", "size": 180, "tags": [19, 20, 21, 23]}, "_Games/_SNK Neo Geo MVS & AES/_Fighting/Samurai Shodown V (bootleg).mgl": {"hash": "7b5e21c6a0accbc20e3f50a8fb59e8fc", "size": 180, "tags": [19, 20, 21, 23]}, "_Games/_SNK Neo Geo MVS & AES/_Fighting/Samurai Shodown V Special (1st release, censored).mgl": {"hash": "751aee5b3a0a333dbd907aeadb9e7340", "size": 182, "tags": [19, 20, 21, 23]}, "_Games/_SNK Neo Geo MVS & AES/_Fighting/Samurai Shodown V Special (2nd release, less censored).mgl": {"hash": "f02fb8d47990df362969d5108ccc9a75", "size": 181, "tags": [19, 20, 21, 23]}, "_Games/_SNK Neo Geo MVS & AES/_Fighting/Samurai Shodown V Special.mgl": {"hash": "f5cd0759c5187d5d24be11a6fb0646ac", "size": 180, "tags": [19, 20, 21, 23]}, "_Games/_SNK Neo Geo MVS & AES/_Fighting/Samurai Shodown V.mgl": {"hash": "9ca9c77b07738efceff76d712b02f4f0", "size": 179, "tags": [19, 20, 21, 23]}, "_Games/_SNK Neo Geo MVS & AES/_Fighting/Samurai Shodown.mgl": {"hash": "7c0b9afcdde4eefd9aadbdc1c07ec0cc", "size": 178, "tags": [19, 20, 21, 23]}, "_Games/_SNK Neo Geo MVS & AES/_Fighting/Saulabi Spirits (Korean release of Samurai Shodown II).mgl": {"hash": "855f3f7e5790c0dca417192523665a35", "size": 180, "tags": [19, 20, 21, 23]}, "_Games/_SNK Neo Geo MVS & AES/_Fighting/Saulabi Spirits (Korean release of Samurai Shodown II, set 2).mgl": {"hash": "057047fa08b53887126b68f4f325ecb9", "size": 181, "tags": [19, 20, 21, 23]}, "_Games/_SNK Neo Geo MVS & AES/_Fighting/Savage Reign.mgl": {"hash": "85fd1d2b4f9baa64817d797b9d1275bc", "size": 180, "tags": [19, 20, 21, 23]}, "_Games/_SNK Neo Geo MVS & AES/_Fighting/Voltage Fighter Gowcaizer.mgl": {"hash": "f700901704ca45807603d26f5414e5cb", "size": 180, "tags": [19, 20, 21, 23]}, "_Games/_SNK Neo Geo MVS & AES/_Fighting/Waku Waku 7.mgl": {"hash": "f5f5145ac32c388c1126e4870a70091f", "size": 180, "tags": [19, 20, 21, 23]}, "_Games/_SNK Neo Geo MVS & AES/_Fighting/World Heroes (ALH-005).mgl": {"hash": "67a0c4f8dde82b45fc0d58efa240f816", "size": 176, "tags": [19, 20, 21, 23]}, "_Games/_SNK Neo Geo MVS & AES/_Fighting/World Heroes (set 3).mgl": {"hash": "cbb6454b92afa3d972ab3ab8b914353d", "size": 177, "tags": [19, 20, 21, 23]}, "_Games/_SNK Neo Geo MVS & AES/_Fighting/World Heroes 2 Jet.mgl": {"hash": "ac3172da556da7ed143feff87c65277a", "size": 176, "tags": [19, 20, 21, 23]}, "_Games/_SNK Neo Geo MVS & AES/_Fighting/World Heroes 2.mgl": {"hash": "c03ded468d4b63d1086f80b9ad6b31c3", "size": 175, "tags": [19, 20, 21, 23]}, "_Games/_SNK Neo Geo MVS & AES/_Fighting/World Heroes Perfect.mgl": {"hash": "eb9bd4a02bdc7e1fa82b6494e499ed3c", "size": 175, "tags": [19, 20, 21, 23]}, "_Games/_SNK Neo Geo MVS & AES/_Fighting/World Heroes.mgl": {"hash": "d25cee5bd2ae39b228d4e80ad678d8b6", "size": 175, "tags": [19, 20, 21, 23]}, "_Games/_SNK Neo Geo MVS & AES/_Hack n Slash/Ganryu.mgl": {"hash": "d856f934f7846e91f695fdd5152e41d1", "size": 178, "tags": [19, 20, 21, 24]}, "_Games/_SNK Neo Geo MVS & AES/_Hack n Slash/Ninja Combat (NGH-009).mgl": {"hash": "416e93061489d481b1e153a2f0dc4aee", "size": 180, "tags": [19, 20, 21, 24]}, "_Games/_SNK Neo Geo MVS & AES/_Hack n Slash/Ninja Combat.mgl": {"hash": "9b2bd8c7e0af2eb659d256aa97d2e260", "size": 179, "tags": [19, 20, 21, 24]}, "_Games/_SNK Neo Geo MVS & AES/_Hack n Slash/Sengoku (NGH-017, US).mgl": {"hash": "e1381a260a91cf79dc56648a4d0ffc74", "size": 180, "tags": [19, 20, 21, 24]}, "_Games/_SNK Neo Geo MVS & AES/_Hack n Slash/Sengoku 2.mgl": {"hash": "e3f94b8758e8c2ff73e7239eddd91633", "size": 180, "tags": [19, 20, 21, 24]}, "_Games/_SNK Neo Geo MVS & AES/_Hack n Slash/Sengoku 3.mgl": {"hash": "8ffdd3a1ece0f7bc85ce9473823ac176", "size": 180, "tags": [19, 20, 21, 24]}, "_Games/_SNK Neo Geo MVS & AES/_Hack n Slash/Sengoku.mgl": {"hash": "10fa03194a6cfc77e2c596ebeac6521f", "size": 179, "tags": [19, 20, 21, 24]}, "_Games/_SNK Neo Geo MVS & AES/_Maze/.DS_Store": {"hash": "194577a7e20bdcc7afbb718f502c134c", "size": 6148, "tags": [19, 20, 21, 25]}, "_Games/_SNK Neo Geo MVS & AES/_Maze/Irritating Maze, The.mgl": {"hash": "9e914f44981095d6379124b95707a0c0", "size": 179, "tags": [19, 20, 21, 25]}, "_Games/_SNK Neo Geo MVS & AES/_Maze/Neo Bomberman.mgl": {"hash": "c28a74023a8597a7cf64de775adaacc3", "size": 180, "tags": [19, 20, 21, 25]}, "_Games/_SNK Neo Geo MVS & AES/_Maze/Neo Mr. Do -.mgl": {"hash": "3988074fce9a53d96dc4d29211b68351", "size": 179, "tags": [19, 20, 21, 25]}, "_Games/_SNK Neo Geo MVS & AES/_Platform/.DS_Store": {"hash": "194577a7e20bdcc7afbb718f502c134c", "size": 6148, "tags": [19, 20, 21, 26]}, "_Games/_SNK Neo Geo MVS & AES/_Platform/Bang Bang Busters.mgl": {"hash": "613496ecb2733220b9d97d00ff49e914", "size": 175, "tags": [19, 20, 21, 26]}, "_Games/_SNK Neo Geo MVS & AES/_Platform/Blue's Journey.mgl": {"hash": "d13c860656e354d0cc4103d71ec48a20", "size": 180, "tags": [19, 20, 21, 26]}, "_Games/_SNK Neo Geo MVS & AES/_Platform/Digger Man.mgl": {"hash": "8641c1c1cc803cccc9fab4329c5c4ad1", "size": 180, "tags": [19, 20, 21, 26]}, "_Games/_SNK Neo Geo MVS & AES/_Platform/Frog Feast.mgl": {"hash": "f59735b070ecea3f0cdb5de900565bab", "size": 180, "tags": [19, 20, 21, 26]}, "_Games/_SNK Neo Geo MVS & AES/_Platform/Magician Lord (NGH-005).mgl": {"hash": "f0146027c8057eff344b4c802d0d1899", "size": 180, "tags": [19, 20, 21, 26]}, "_Games/_SNK Neo Geo MVS & AES/_Platform/Magician Lord.mgl": {"hash": "30e6beaced0793356205a53043325456", "size": 179, "tags": [19, 20, 21, 26]}, "_Games/_SNK Neo Geo MVS & AES/_Platform/Nightmare in the Dark (bootleg).mgl": {"hash": "9c97060fcfc5b619f25de87e827164ab", "size": 178, "tags": [19, 20, 21, 26]}, "_Games/_SNK Neo Geo MVS & AES/_Platform/Nightmare in the Dark.mgl": {"hash": "5c627bb39f43194c631cb67e19e185ee", "size": 176, "tags": [19, 20, 21, 26]}, "_Games/_SNK Neo Geo MVS & AES/_Platform/Spinmaster.mgl": {"hash": "26f7bda4fc9165329200bb76ccb19fb1", "size": 180, "tags": [19, 20, 21, 26]}, "_Games/_SNK Neo Geo MVS & AES/_Platform/Top Hunter - Roddy & Cathy (NGH-046).mgl": {"hash": "c161865539e5af8f232fb362d974c3d8", "size": 181, "tags": [19, 20, 21, 26]}, "_Games/_SNK Neo Geo MVS & AES/_Platform/Top Hunter - Roddy & Cathy.mgl": {"hash": "5b10867b24180c4a9dd6b7f90874ef79", "size": 180, "tags": [19, 20, 21, 26]}, "_Games/_SNK Neo Geo MVS & AES/_Platform/Zupapa -.mgl": {"hash": "8badae6bfb2b06ce151cd653a56c374e", "size": 178, "tags": [19, 20, 21, 26]}, "_Games/_SNK Neo Geo MVS & AES/_Puzzle/.DS_Store": {"hash": "194577a7e20bdcc7afbb718f502c134c", "size": 6148, "tags": [19, 20, 21, 27]}, "_Games/_SNK Neo Geo MVS & AES/_Puzzle/Bomberman - Panic Bomber.mgl": {"hash": "fad251544eb92bb5aeb4c775ddd3d1ea", "size": 180, "tags": [19, 20, 21, 27]}, "_Games/_SNK Neo Geo MVS & AES/_Puzzle/Columns.mgl": {"hash": "d477352b6100c61bea8954b65f5d1717", "size": 180, "tags": [19, 20, 21, 27]}, "_Games/_SNK Neo Geo MVS & AES/_Puzzle/Ghostlop.mgl": {"hash": "e8c114b77ea22cfcc68bf756165a76c8", "size": 180, "tags": [19, 20, 21, 27]}, "_Games/_SNK Neo Geo MVS & AES/_Puzzle/Gururin.mgl": {"hash": "ada31b517953dbe50d685c71dfd66d26", "size": 179, "tags": [19, 20, 21, 27]}, "_Games/_SNK Neo Geo MVS & AES/_Puzzle/Magical Drop II.mgl": {"hash": "5b72785edc16bffecbfbda2dad33986d", "size": 180, "tags": [19, 20, 21, 27]}, "_Games/_SNK Neo Geo MVS & AES/_Puzzle/Magical Drop III.mgl": {"hash": "0721b46c1a67ad979e0248e1f4eabd4d", "size": 180, "tags": [19, 20, 21, 27]}, "_Games/_SNK Neo Geo MVS & AES/_Puzzle/Money Puzzle Exchanger.mgl": {"hash": "6276296a0df288a8b6af4a70875e9dfb", "size": 180, "tags": [19, 20, 21, 27]}, "_Games/_SNK Neo Geo MVS & AES/_Puzzle/Pochi and Nyaa.mgl": {"hash": "9e02b8baf48cfa717183b9f9c436c623", "size": 177, "tags": [19, 20, 21, 27]}, "_Games/_SNK Neo Geo MVS & AES/_Puzzle/Pop 'n Bounce.mgl": {"hash": "9b04d51267eaa833701096387f0da5fe", "size": 180, "tags": [19, 20, 21, 27]}, "_Games/_SNK Neo Geo MVS & AES/_Puzzle/Puzzle Bobble (bootleg).mgl": {"hash": "b420d2ac35a09c08fb21039b6f8ac9ea", "size": 181, "tags": [19, 20, 21, 27]}, "_Games/_SNK Neo Geo MVS & AES/_Puzzle/Puzzle Bobble 2.mgl": {"hash": "a829deadb94b81158e764889a29d0d6b", "size": 180, "tags": [19, 20, 21, 27]}, "_Games/_SNK Neo Geo MVS & AES/_Puzzle/Puzzle Bobble.mgl": {"hash": "ea5ea591b0ec8c0282647d5b3b18a82c", "size": 180, "tags": [19, 20, 21, 27]}, "_Games/_SNK Neo Geo MVS & AES/_Puzzle/Puzzle De Pon - R -.mgl": {"hash": "b34e8881c51ee4bb77daf9ad7872fe78", "size": 180, "tags": [19, 20, 21, 27]}, "_Games/_SNK Neo Geo MVS & AES/_Puzzle/Puzzle De Pon -.mgl": {"hash": "212acf4c8e7f6e89119c151a18a907fe", "size": 180, "tags": [19, 20, 21, 27]}, "_Games/_SNK Neo Geo MVS & AES/_Puzzle/Puzzled.mgl": {"hash": "536dad84c722ac22e1029665fa8e8f4e", "size": 178, "tags": [19, 20, 21, 27]}, "_Games/_SNK Neo Geo MVS & AES/_Puzzle/Super Bubble Pop.mgl": {"hash": "bd65e101616571a5ebf3add4cad937e0", "size": 175, "tags": [19, 20, 21, 27]}, "_Games/_SNK Neo Geo MVS & AES/_Puzzle/Tetris.mgl": {"hash": "1ae13543feed2bdc8e10576ee97bb4c5", "size": 180, "tags": [19, 20, 21, 27]}, "_Games/_SNK Neo Geo MVS & AES/_Puzzle/Treasure of the Caribbean.mgl": {"hash": "aa8785b8fa011bef656488fa8a22f3c2", "size": 176, "tags": [19, 20, 21, 27]}, "_Games/_SNK Neo Geo MVS & AES/_Puzzle/ZinTricK.mgl": {"hash": "c6a7a14aa67ce9e5bf9980c0423e531f", "size": 180, "tags": [19, 20, 21, 27]}, "_Games/_SNK Neo Geo MVS & AES/_Quiz/Chibi Marukochan Deluxe Quiz.mgl": {"hash": "b2f4741735f14b17a2408e8f9ac30542", "size": 180, "tags": [19, 20, 21, 28]}, "_Games/_SNK Neo Geo MVS & AES/_Quiz/Quiz Daisousa Sen - The Last Count Down.mgl": {"hash": "aa109422e7f7660a07abbbf5934a3eb7", "size": 180, "tags": [19, 20, 21, 28]}, "_Games/_SNK Neo Geo MVS & AES/_Quiz/Quiz King of Fighters (Korean release).mgl": {"hash": "f553d541b8134136679e87624c103ff8", "size": 180, "tags": [19, 20, 21, 28]}, "_Games/_SNK Neo Geo MVS & AES/_Quiz/Quiz King of Fighters.mgl": {"hash": "dd6f89b44d354a67935c8006b5c8e716", "size": 179, "tags": [19, 20, 21, 28]}, "_Games/_SNK Neo Geo MVS & AES/_Quiz/Quiz Meitantei Neo & Geo - Quiz Daisousa Sen part 2.mgl": {"hash": "10291a18c23e806221e07c6b8a6a10a6", "size": 180, "tags": [19, 20, 21, 28]}, "_Games/_SNK Neo Geo MVS & AES/_Quiz/Quiz Salibtamjeong - The Last Count Down (Korean localized Quiz Daisousa Sen).mgl": {"hash": "29374e33de1d36619097a6b2c7666cbb", "size": 181, "tags": [19, 20, 21, 28]}, "_Games/_SNK Neo Geo MVS & AES/_RPG/Crossed Swords 2 (CD conversion).mgl": {"hash": "bece73ce40158a84cad35006d3684612", "size": 180, "tags": [19, 20, 21, 30]}, "_Games/_SNK Neo Geo MVS & AES/_RPG/Crossed Swords.mgl": {"hash": "fb81245d1588a03e6d2372fc299a658d", "size": 179, "tags": [19, 20, 21, 30]}, "_Games/_SNK Neo Geo MVS & AES/_RPG/Super Spy, The.mgl": {"hash": "cf714cb28b511e7be1afcac22119a3d8", "size": 180, "tags": [19, 20, 21, 30]}, "_Games/_SNK Neo Geo MVS & AES/_Racing/Neo Drift Out - New Technology.mgl": {"hash": "647104aca8ca654a9d7439ffcd0541c2", "size": 180, "tags": [19, 20, 21, 29]}, "_Games/_SNK Neo Geo MVS & AES/_Racing/OverTop.mgl": {"hash": "13d6e13213dfb899b94d8799d2fa54fd", "size": 179, "tags": [19, 20, 21, 29]}, "_Games/_SNK Neo Geo MVS & AES/_Racing/Riding Hero (set 2).mgl": {"hash": "94bab588862693295d3c18d3ab512e12", "size": 180, "tags": [19, 20, 21, 29]}, "_Games/_SNK Neo Geo MVS & AES/_Racing/Riding Hero.mgl": {"hash": "05935b02900954bc8a9f0fad3a3af2d6", "size": 179, "tags": [19, 20, 21, 29]}, "_Games/_SNK Neo Geo MVS & AES/_Racing/Thrash Rally.mgl": {"hash": "99c86b2cb8bb36acbc113f6cdc9a5a8f", "size": 178, "tags": [19, 20, 21, 29]}, "_Games/_SNK Neo Geo MVS & AES/_Run n Gun/Cyber-Lip.mgl": {"hash": "e3fab4d5589295721d976df0c927432b", "size": 180, "tags": [19, 20, 21, 31]}, "_Games/_SNK Neo Geo MVS & AES/_Run n Gun/Metal Slug - Super Vehicle-001.mgl": {"hash": "1541ad7484afc7ce33a4431d874a2cc5", "size": 177, "tags": [19, 20, 21, 31]}, "_Games/_SNK Neo Geo MVS & AES/_Run n Gun/Metal Slug 2 - Super Vehicle-001 -II.mgl": {"hash": "337ac19cfc3cb7580994eaea83e4cee2", "size": 178, "tags": [19, 20, 21, 31]}, "_Games/_SNK Neo Geo MVS & AES/_Run n Gun/Metal Slug 2 Turbo (hack).mgl": {"hash": "9db0397a2539d4d43a5dc319af4179b8", "size": 179, "tags": [19, 20, 21, 31]}, "_Games/_SNK Neo Geo MVS & AES/_Run n Gun/Metal Slug 3.mgl": {"hash": "1ed65b57a28c8fbe443436ac4c3eb449", "size": 178, "tags": [19, 20, 21, 31]}, "_Games/_SNK Neo Geo MVS & AES/_Run n Gun/Metal Slug 4 (NGH-2630).mgl": {"hash": "c53c16c7d1205a07de6d0ef0e1bf7206", "size": 179, "tags": [19, 20, 21, 31]}, "_Games/_SNK Neo Geo MVS & AES/_Run n Gun/Metal Slug 4 Plus (bootleg).mgl": {"hash": "0bff0b3fd4c72db26b6e6cbcb90c0278", "size": 179, "tags": [19, 20, 21, 31]}, "_Games/_SNK Neo Geo MVS & AES/_Run n Gun/Metal Slug 4.mgl": {"hash": "fd92e6475d66c3bcaec9e6408955cc98", "size": 178, "tags": [19, 20, 21, 31]}, "_Games/_SNK Neo Geo MVS & AES/_Run n Gun/Metal Slug 5 (NGH-2680).mgl": {"hash": "7d615bb42c959c6af07c9556d74f9942", "size": 179, "tags": [19, 20, 21, 31]}, "_Games/_SNK Neo Geo MVS & AES/_Run n Gun/Metal Slug 5.mgl": {"hash": "ac5b768345371e2ccc2d5edc9e9e6129", "size": 178, "tags": [19, 20, 21, 31]}, "_Games/_SNK Neo Geo MVS & AES/_Run n Gun/Metal Slug X - Super Vehicle-001.mgl": {"hash": "803e17c83c26a5d828edce094ec775ff", "size": 178, "tags": [19, 20, 21, 31]}, "_Games/_SNK Neo Geo MVS & AES/_Run n Gun/Ninja Commando.mgl": {"hash": "b9c73469462c2530c8c34888830febaa", "size": 180, "tags": [19, 20, 21, 31]}, "_Games/_SNK Neo Geo MVS & AES/_Run n Gun/Shock Troopers (set 2).mgl": {"hash": "b36a913699c4b9474eab0c9f68135fd7", "size": 181, "tags": [19, 20, 21, 31]}, "_Games/_SNK Neo Geo MVS & AES/_Run n Gun/Shock Troopers - 2nd Squad.mgl": {"hash": "46de67cce5f4d45ac065b6b4daa2c2d7", "size": 180, "tags": [19, 20, 21, 31]}, "_Games/_SNK Neo Geo MVS & AES/_Run n Gun/Shock Troopers.mgl": {"hash": "e7285f03be8f70d12e4e764dcf50a180", "size": 180, "tags": [19, 20, 21, 31]}, "_Games/_SNK Neo Geo MVS & AES/_Shoot em Up/Aero Fighters 2.mgl": {"hash": "919a5387cd9dbe4618616572f0f2bd09", "size": 180, "tags": [19, 20, 21, 32]}, "_Games/_SNK Neo Geo MVS & AES/_Shoot em Up/Aero Fighters 3.mgl": {"hash": "831557b7e5aead297743dc4515e73155", "size": 180, "tags": [19, 20, 21, 32]}, "_Games/_SNK Neo Geo MVS & AES/_Shoot em Up/Alpha Mission II (prototype).mgl": {"hash": "78ce80a28e531987a2653c7887a1eec5", "size": 180, "tags": [19, 20, 21, 32]}, "_Games/_SNK Neo Geo MVS & AES/_Shoot em Up/Alpha Mission II.mgl": {"hash": "ca26c9ab0f9e187d743148a7fa7a4ecf", "size": 179, "tags": [19, 20, 21, 32]}, "_Games/_SNK Neo Geo MVS & AES/_Shoot em Up/Andro Dunos.mgl": {"hash": "20f40be42b701e5c88873046ef46f5ca", "size": 180, "tags": [19, 20, 21, 32]}, "_Games/_SNK Neo Geo MVS & AES/_Shoot em Up/Blazing Star.mgl": {"hash": "e94f48fd62388c7630fcb3afe3256533", "size": 180, "tags": [19, 20, 21, 32]}, "_Games/_SNK Neo Geo MVS & AES/_Shoot em Up/Captain Tomaday.mgl": {"hash": "2f1c8cdc752adcc00dd7bca2ef085606", "size": 180, "tags": [19, 20, 21, 32]}, "_Games/_SNK Neo Geo MVS & AES/_Shoot em Up/Ghost Pilots (NGH-020, US).mgl": {"hash": "855724a8dde93a63a3c9ac173c089607", "size": 180, "tags": [19, 20, 21, 32]}, "_Games/_SNK Neo Geo MVS & AES/_Shoot em Up/Ghost Pilots.mgl": {"hash": "45e05adb0ed18fdc72a2fc3a2c24d85a", "size": 179, "tags": [19, 20, 21, 32]}, "_Games/_SNK Neo Geo MVS & AES/_Shoot em Up/Ironclad (prototype, bootleg).mgl": {"hash": "16a6b2f590277779876cbceeda7b4201", "size": 181, "tags": [19, 20, 21, 32]}, "_Games/_SNK Neo Geo MVS & AES/_Shoot em Up/Ironclad.mgl": {"hash": "51ca4e61e43be622d365b84bfc6649f8", "size": 180, "tags": [19, 20, 21, 32]}, "_Games/_SNK Neo Geo MVS & AES/_Shoot em Up/Last Resort (prototype).mgl": {"hash": "48eedf8740866d66329f0746b8747924", "size": 180, "tags": [19, 20, 21, 32]}, "_Games/_SNK Neo Geo MVS & AES/_Shoot em Up/Last Resort.mgl": {"hash": "b98d246bb4507e9210345108a37b65b9", "size": 179, "tags": [19, 20, 21, 32]}, "_Games/_SNK Neo Geo MVS & AES/_Shoot em Up/Prehistoric Isle 2.mgl": {"hash": "2059fe1bfb93440e6a04746f3279a081", "size": 180, "tags": [19, 20, 21, 32]}, "_Games/_SNK Neo Geo MVS & AES/_Shoot em Up/Pulstar.mgl": {"hash": "ba55d42805c829ceed2b657105801090", "size": 179, "tags": [19, 20, 21, 32]}, "_Games/_SNK Neo Geo MVS & AES/_Shoot em Up/Strikers 1945 Plus.mgl": {"hash": "315150586f0ee6926361838f48c42107", "size": 178, "tags": [19, 20, 21, 32]}, "_Games/_SNK Neo Geo MVS & AES/_Shoot em Up/Twinkle Star Sprites.mgl": {"hash": "4f76e70e7259ee8b363feedf5254cc13", "size": 180, "tags": [19, 20, 21, 32]}, "_Games/_SNK Neo Geo MVS & AES/_Shoot em Up/Viewpoint.mgl": {"hash": "990e9aaba05ac4924efe81239f299e8c", "size": 180, "tags": [19, 20, 21, 32]}, "_Games/_SNK Neo Geo MVS & AES/_Shoot em Up/Zed Blade.mgl": {"hash": "e1516deb4169408f5eba7384e8cd2eff", "size": 180, "tags": [19, 20, 21, 32]}, "_Games/_SNK Neo Geo MVS & AES/_Shooter/.DS_Store": {"hash": "194577a7e20bdcc7afbb718f502c134c", "size": 6148, "tags": [19, 20, 21, 33]}, "_Games/_SNK Neo Geo MVS & AES/_Shooter/Lansquenet.mgl": {"hash": "9a6b33ad6aab160801aa5a1c55d75873", "size": 180, "tags": [19, 20, 21, 33]}, "_Games/_SNK Neo Geo MVS & AES/_Shooter/NAM-1975.mgl": {"hash": "056679e09687f972f0ebe30147a7ff0e", "size": 179, "tags": [19, 20, 21, 33]}, "_Games/_SNK Neo Geo MVS & AES/_Shooter/Neo Thunder.mgl": {"hash": "128f6e113970416722269855d343a476", "size": 180, "tags": [19, 20, 21, 33]}, "_Games/_SNK Neo Geo MVS & AES/_Sports/.DS_Store": {"hash": "194577a7e20bdcc7afbb718f502c134c", "size": 6148, "tags": [19, 20, 21, 34]}, "_Games/_SNK Neo Geo MVS & AES/_Sports/Bang Bead.mgl": {"hash": "2f21697652c1239bdd5660c22e792a6a", "size": 180, "tags": [19, 20, 21, 34]}, "_Games/_SNK Neo Geo MVS & AES/_Sports/Baseball Stars 2.mgl": {"hash": "6bae5daeb8febfd7265f3dcf89edbd5e", "size": 179, "tags": [19, 20, 21, 34]}, "_Games/_SNK Neo Geo MVS & AES/_Sports/Baseball Stars Professional (NGH-002).mgl": {"hash": "807297b4e537386c4c0f2e7dd67333a0", "size": 179, "tags": [19, 20, 21, 34]}, "_Games/_SNK Neo Geo MVS & AES/_Sports/Baseball Stars Professional.mgl": {"hash": "b7b0ae564b79d67c8a9b9f90fd3e676e", "size": 178, "tags": [19, 20, 21, 34]}, "_Games/_SNK Neo Geo MVS & AES/_Sports/Battle Flip Shot.mgl": {"hash": "945068891eb8d60c1f016fb5fa79a091", "size": 180, "tags": [19, 20, 21, 34]}, "_Games/_SNK Neo Geo MVS & AES/_Sports/Football Frenzy.mgl": {"hash": "325c3a2608d817210a2cd9efd37ffbe1", "size": 180, "tags": [19, 20, 21, 34]}, "_Games/_SNK Neo Geo MVS & AES/_Sports/Goal - Goal - Goal -.mgl": {"hash": "8e3e0e150ebb58368153935a5e18cde5", "size": 178, "tags": [19, 20, 21, 34]}, "_Games/_SNK Neo Geo MVS & AES/_Sports/League Bowling.mgl": {"hash": "535c6140da3fc7cc7188b2170f937228", "size": 180, "tags": [19, 20, 21, 34]}, "_Games/_SNK Neo Geo MVS & AES/_Sports/Neo Turf Masters.mgl": {"hash": "18b2567bf99d9e66151c5c41fd6259e8", "size": 180, "tags": [19, 20, 21, 34]}, "_Games/_SNK Neo Geo MVS & AES/_Sports/Neo-Geo Cup 98 - The Road to the Victory.mgl": {"hash": "c09cfb419af78f5557e8a756206784d6", "size": 180, "tags": [19, 20, 21, 34]}, "_Games/_SNK Neo Geo MVS & AES/_Sports/Pleasure Goal.mgl": {"hash": "30eedeeff26ab28c60d7e853375d74a8", "size": 177, "tags": [19, 20, 21, 34]}, "_Games/_SNK Neo Geo MVS & AES/_Sports/Power Spikes II.mgl": {"hash": "937359e8fe11ab3195171bd96c21d650", "size": 180, "tags": [19, 20, 21, 34]}, "_Games/_SNK Neo Geo MVS & AES/_Sports/Soccer Brawl (NGH-031).mgl": {"hash": "d83346f7a8e1c39a2540e397b4bb6c8d", "size": 181, "tags": [19, 20, 21, 34]}, "_Games/_SNK Neo Geo MVS & AES/_Sports/Soccer Brawl.mgl": {"hash": "de43fd0f8a487ea140390fc8eab8bd6a", "size": 180, "tags": [19, 20, 21, 34]}, "_Games/_SNK Neo Geo MVS & AES/_Sports/Stakes Winner 2.mgl": {"hash": "77c46a40cf89ba0853aae75d0ced960b", "size": 180, "tags": [19, 20, 21, 34]}, "_Games/_SNK Neo Geo MVS & AES/_Sports/Stakes Winner.mgl": {"hash": "3965eb83c98082ea00985c5c01bab827", "size": 179, "tags": [19, 20, 21, 34]}, "_Games/_SNK Neo Geo MVS & AES/_Sports/Street Hoop  - Street Slam.mgl": {"hash": "f1448b1de96aa47c7354106b9870260b", "size": 179, "tags": [19, 20, 21, 34]}, "_Games/_SNK Neo Geo MVS & AES/_Sports/Super Baseball 2020 (set 2).mgl": {"hash": "2c7efc690fa6b9ccf96f9876a3b3a55d", "size": 179, "tags": [19, 20, 21, 34]}, "_Games/_SNK Neo Geo MVS & AES/_Sports/Super Baseball 2020 (set 3).mgl": {"hash": "acc68ef62a4c28cb3dbb3275d9cb5b14", "size": 179, "tags": [19, 20, 21, 34]}, "_Games/_SNK Neo Geo MVS & AES/_Sports/Super Baseball 2020.mgl": {"hash": "9d65b71cd236f5751a5ac79ca1838ecf", "size": 178, "tags": [19, 20, 21, 34]}, "_Games/_SNK Neo Geo MVS & AES/_Sports/Super Dodge Ball.mgl": {"hash": "9638783bd851176f3599d41d2c52e059", "size": 179, "tags": [19, 20, 21, 34]}, "_Games/_SNK Neo Geo MVS & AES/_Sports/Super Sidekicks 2 - The World Championship.mgl": {"hash": "09b620723d299b486f810ecf3a0643ea", "size": 180, "tags": [19, 20, 21, 34]}, "_Games/_SNK Neo Geo MVS & AES/_Sports/Super Sidekicks 3 - The Next Glory.mgl": {"hash": "a1de5666b6dbfd10c568fcc6c0280b0a", "size": 180, "tags": [19, 20, 21, 34]}, "_Games/_SNK Neo Geo MVS & AES/_Sports/Super Sidekicks.mgl": {"hash": "54a5d07ba34d127ddceb1534558af4a9", "size": 179, "tags": [19, 20, 21, 34]}, "_Games/_SNK Neo Geo MVS & AES/_Sports/Tecmo World Soccer '96.mgl": {"hash": "d3620b343c027453c8adcfadaa2b07ad", "size": 177, "tags": [19, 20, 21, 34]}, "_Games/_SNK Neo Geo MVS & AES/_Sports/Top Player's Golf.mgl": {"hash": "edafef6d6cbf5b7a510c22b922d151b3", "size": 178, "tags": [19, 20, 21, 34]}, "_Games/_SNK Neo Geo MVS & AES/_Sports/Ultimate 11, The - The SNK Football Championship.mgl": {"hash": "907143fdb0719df9911b70cfad135f2c", "size": 180, "tags": [19, 20, 21, 34]}, "_Games/_SNK Neo Geo MVS & AES/_Sports/Windjammers.mgl": {"hash": "f052aa461e525b53ff8ee5dd61178806", "size": 180, "tags": [19, 20, 21, 34]}, "_Games/_SNK Neo Geo MVS & AES/_Tablegames/Bakatonosama Mahjong Manyuuki.mgl": {"hash": "3f8a81992030fab3c5c86edaf0f8611a", "size": 180, "tags": [19, 20, 21, 35]}, "_Games/_SNK Neo Geo MVS & AES/_Tablegames/Idol Mahjong Final Romance 2 (CD conversion).mgl": {"hash": "634c69a2d7026b0936951adffabb66a0", "size": 180, "tags": [19, 20, 21, 35]}, "_Games/_SNK Neo Geo MVS & AES/_Tablegames/Janshin Densetsu - Quest of Jongmaster.mgl": {"hash": "d5db5efd5f3e9e218c36eb04da85f3e5", "size": 179, "tags": [19, 20, 21, 35]}, "_Games/_SNK Neo Geo MVS & AES/_Tablegames/Mahjong Kyo Retsuden.mgl": {"hash": "4fa9a65ee98d3410b7e7ad0d5078d88a", "size": 180, "tags": [19, 20, 21, 35]}, "_Games/_SNK Neo Geo MVS & AES/_Tablegames/Minasan no Okagesamadesu - Dai Sugoroku Taikai.mgl": {"hash": "e3afd4012807c6b3b23e97f0733a112d", "size": 179, "tags": [19, 20, 21, 35]}, "_Games/_SNK Neo Geo MVS & AES/_Tablegames/Shougi no Tatsujin - Master of Syougi.mgl": {"hash": "4bd42d39dfc6e19b71c353d5cad7fca9", "size": 180, "tags": [19, 20, 21, 35]}, "_Games/_SNK Neo Geo MVS & AES/_Wrestling/3 Count Bout.mgl": {"hash": "f5aaa60a82a39e769f59d2a85591cb53", "size": 179, "tags": [19, 20, 21, 36]}, "_Games/_SNK Neo Geo MVS & AES/_Wrestling/King of the Monsters (set 2).mgl": {"hash": "0994bea5350ed78ee04b1965f568fc12", "size": 177, "tags": [19, 20, 21, 36]}, "_Games/_SNK Neo Geo MVS & AES/_Wrestling/King of the Monsters 2 - The Next Thing (prototype).mgl": {"hash": "a0a6617c3b7e2e022bd2f2f7cf039616", "size": 178, "tags": [19, 20, 21, 36]}, "_Games/_SNK Neo Geo MVS & AES/_Wrestling/King of the Monsters 2 - The Next Thing.mgl": {"hash": "ebff3e809777460aed0178881c888d9f", "size": 177, "tags": [19, 20, 21, 36]}, "_Games/_SNK Neo Geo MVS & AES/_Wrestling/King of the Monsters.mgl": {"hash": "d5a2aa7d303abe90f7490cd4f0712511", "size": 176, "tags": [19, 20, 21, 36]}, "_Games/_SNK Neo Geo MVS & AES/renamer.py": {"hash": "9b549e32a7e68241202765d05ed123e9", "size": 1398, "tags": [19, 20, 21]}, "_Games/_SNK Neo Geo MVS & AES/system.xml": {"hash": "5c8a0bd6ef8a21391e2b19615e611c25", "size": 41142, "tags": [19, 20, 21]}}, "folders": {"_Games": {"tags": [19]}, "_Games/_SNK Neo Geo MVS & AES": {"tags": [19, 20]}, "_Games/_SNK Neo Geo MVS & AES/_Beat em Up": {"tags": [19, 20, 21]}, "_Games/_SNK Neo Geo MVS & AES/_Fighting": {"tags": [19, 20, 21]}, "_Games/_SNK Neo Geo MVS & AES/_Hack n Slash": {"tags": [19, 20, 21]}, "_Games/_SNK Neo Geo MVS & AES/_Maze": {"tags": [19, 20, 21]}, "_Games/_SNK Neo Geo MVS & AES/_Platform": {"tags": [19, 20, 21]}, "_Games/_SNK Neo Geo MVS & AES/_Puzzle": {"tags": [19, 20, 21]}, "_Games/_SNK Neo Geo MVS & AES/_Quiz": {"tags": [19, 20, 21]}, "_Games/_SNK Neo Geo MVS & AES/_RPG": {"tags": [19, 20, 21]}, "_Games/_SNK Neo Geo MVS & AES/_Racing": {"tags": [19, 20, 21]}, "_Games/_SNK Neo Geo MVS & AES/_Run n Gun": {"tags": [19, 20, 21]}, "_Games/_SNK Neo Geo MVS & AES/_Shoot em Up": {"tags": [19, 20, 21]}, "_Games/_SNK Neo Geo MVS & AES/_Shooter": {"tags": [19, 20, 21]}, "_Games/_SNK Neo Geo MVS & AES/_Sports": {"tags": [19, 20, 21]}, "_Games/_SNK Neo Geo MVS & AES/_Tablegames": {"tags": [19, 20, 21]}, "_Games/_SNK Neo Geo MVS & AES/_Wrestling": {"tags": [19, 20, 21]}}, "latest_zip_url": "", "tag_dictionary": {"beatemup": 22, "docs": 37, "extrautilities": 21, "fighting": 23, "games": 19, "hacknslash": 24, "maze": 25, "platform": 26, "puzzle": 27, "quiz": 28, "racing": 29, "readme": 38, "rpg": 30, "runngun": 31, "shootemup": 32, "shooter": 33, "snkneogeomvsaes": 20, "sports": 34, "tablegames": 35, "wrestling": 36}, "timestamp": 1667944667, "zips": {}}